,Corruption,FP,T5D
0,brightness,0.023364666666665142,0.9795666666666097
1,gaussian_noise,0.1055080000000045,3.6508900000000075
2,motion_blur,0.042768000000000396,1.4598259999999648
3,rotate,0.0522006666666667,2.075298666666623
4,scale,0.09185466666666921,2.9392873333332927
5,shot_noise,0.11960133333333882,3.9930579999999822
6,snow,0.04613266666666582,1.7013706666666095
7,tilt,0.032791333333332943,1.4101326666666252
8,translate,0.037862000000000735,1.6219769999999867
9,zoom_blur,0.03777733333333402,1.2533959999999686
